{
    "postion": {
        "_isDirty": true,
        "_x": 0.020214147902387798,
        "_y": 9.45532463776953,
        "_z": 18.095283776200585
    },
    "alpha": 1.5707963267948966,
    "radius": 10,
    "beta": 0
}